NAME,DE,EN,FR,IT
bearbeitungscode_0,Preisreihe beenden,Discontinue the price series,Fin de la série de prix,Interrompere la serie di prezzo
bearbeitungscode_1,Direkter Ersatz,Direct substitution,Substitution directe,Sostituzione diretta
bearbeitungscode_101,Aktuell nicht an Lager,Out of stock,Momentanément indisponible,Momentaneamente non disponibile
bearbeitungscode_2,Neue Preismeldung mit Vorperiodenpreis,New item with price of previous period,Nouvel article avec prix de la période précédente,Nuovo articolo con prezzo del periodo precedente
bearbeitungscode_3,Neue Preismeldung,New item,Nouvel article,Nuovo articolo
bearbeitungscode_44,Saisonal fehlend,Seasonal out of stock,Indisponibilité saisonière,Indisponibilità stagionale
bearbeitungscode_7,Verkettung,Chaining,Chaînage,Concatenamento
bearbeitungscode_99,Standardabbuchung,Standard entry,Saisie standard,Entrata standard
btn_cancel,Abbrechen,Cancel,Annuler,Annullare
btn_close,Schliessen,Close,Fermer,Chiudere
btn_comment,Kommentieren,Comment,Commenter,Commentare
btn_continue-editing,Weiterbearbeiten,Continue editing,Continuer la saisie,Continuare modifica
btn_delete-local-entries,Lokale Daten von Gerät löschen,Delete local entries from device,Effacer les données locales de l'appareil,Cancellare dati locali dall'apparecchio
btn_edit,Bearbeiten,Edit,Editer,Modificare
btn_edit-comment,Bearbeiten/kommentieren,Edit/comment,Editer/Commenter,Modificare/Commentare
btn_erledigt,Erledigt,Done,Terminer,Eseguito
btn_leeren,Leeren,Clear,Effacer,Svuotare
btn_login,Anmelden,Login,Login,Login
btn_no,Nein,No,Non,No
btn_ok,OK,OK,OK,OK
btn_order-save,Reihenfolge übernehmen,Save order,Enregistrer le tri,Salvare l'ordine
btn_pm-delete,Preismeldung löschen,Delete price data,Supprimer l'article,Cancellare articolo
btn_pm-reset,Preismeldung zurücksetzen,Reset price data,Réinitialiser l'article,Azzerare articolo
btn_reset-selection,Auswahl aufheben,Reset selection,Annuler la sélection,Deselezionare
btn_save,Speichern,Save,Engregistrer,Salvare
btn_synchronize,Synchronisieren,Synchronize,Synchroniser,Sincronizzare
btn_upload-now,Jetzt hochladen,Upload now,Transférer,Caricare ora
btn_verwerfen,Verwerfen,Discard,Annuler,Annullare le modifiche
btn_warenkorb_collapse_all,Alles zuklappen,Collapse all,Réduire le tout,Ridurre tutto
btn_yes,Ja,Yes,Oui,Sì
btn_zuruecksetzen,Zurücksetzen,Reset,Réinitialiser,Resettare
cockpit.detail.synchronisiert,synchronisiert:,synchronized:,synchronisé :,sincronizzato:
cockpit.list.anzahl_erfasste,"Preise auf Tablet: erfasst, aber nicht hochgeladen",Prices on device: recorded but not yet uploaded,"Prix sur tablette : relevés, mais pas encore livrés à la DB","Prezzi su tablet: registrato, ma non caricato"
cockpit.list.anzahl_heruntergeladene,Preise auf Tablet: erhalten / neu,Prices on device: received / new,Prix sur tablette : reçus / neufs,Prezzi su tablet:  ricevuti / nuovi
cockpit.list.anzahl_hochgeladene,Preise von Tablet hochgeladen,Prices uploaded from device,Prix sur tablette : livrés (OK),Prezzi caricati da tablet
cockpit.list.anzahl_nicht_erfasste,Preise auf Tablet: zu erfassen,Prices on device: to survey,Prix sur tablette: à relever,Prezzi su tablet: da rilevare
cockpit.list.label_nicht_zugeordnet,Nicht zugeordnet,not assigned,non attribué,non assegnato
cockpit.list.label_zugeordnet,zugeordnet,assigned,attribué,assegnato
cockpit.status.anzahl_ohne,{{ count }} Preismeldungen ohne Prüfstatus,{{ count }} Prices without check status,{{ count }} Prix sans statut de validation,{{ count }} Prezzi senza stato di validazione
cockpit.status.kein_stichdatum,Kein Stichdatum,No reference date,Pas de date de référence,Nessuna data di riferimento
cockpit.status.laden,Statusbericht laden,Load survey report,Charger le statut du relevé,Lanciare il rapporto di stato
cockpit.status.suchen_ohne,Preise ohne Prüfstatus suchen,Search prices without check status,Rechercher des prix sans statut de validation,Cerca i prezzi senza stato di validazione
cockpit.status.update,Statusbericht aktualisieren,Update survey report,Mettre à jour le statut du relevé,Aggiornare il rapporto di stato
cockpit.status.zuweisen,Prüfstatus zuweisen,Assign check status,Attribuer le statut de validation,Assegnare lo stato di convalida
control_artikeltext,Artikeltext,Item name,Description de l'article,Descrizione dell'articolo
control_menge,Menge aktuelle Periode,Quantity current period,Quantité période actuelle,Quantità periodo attuale
control_mengeVPK,Menge Vorperiode,Quantity previous period,Quantité période précédente,Quantità periodo precedente
control_mengeVPNormalNeuerArtikel,Menge Vorperiode (neuer Artikel),Quantity previous period (new item),Quantité période précédente (nouvel article),Quantità periodo precedente (nuovo articolo)
control_mengeVorReduktion,Menge aktuelle Periode (ohne Mengenrabatt),Quantity current period (without quantity discount),Quantité période actuelle (sans rabais de quantité),Quantità periodo attuale (senza sconto sulla quantità)
control_preis,Preis aktuelle Periode,Price current period,Prix période actuelle,Prezzo periodo attuale
control_preisVPK,Preis Vorperiode,Price previous period,Prix période précédente,Prezzo periodo precedente
control_preisVPNormalNeuerArtikel,Preis Vorperiode (neuer Artikel),Price previous period (new item),Prix période précédente (nouvel article),Prezzo periodo precedente (nuovo articolo)
control_preisVorReduktion,Preis ausser Aktion,Price without reduction,Prix hors action,Prezzo non in azione
controlling.regel.0100,0100: Heizöl,"0100: Heating oil, fuels (reference day 1): completeness","0100 : Mazout, combustibles (jour de référence 1) : exhaustivité","0100: Olio di riscaldamento, combustibili (giorno di riferimento 1): completezza"
controlling.regel.0110,0110: Heizöl (Stichtag 1): Preistrend,0110: Heating oil (reference day 1): price trend,0110 : Mazout (jour de référence 1) : évolution des prix,0110: Olio combustibile (giorno di riferimento 1): tendenza dei prezzi
controlling.regel.0115,0115: Treibstoffe (Stichtag 1): Preistrend,0115: Fuels (reference day 1): price trend,0115 : Carburants (jour de référence 1) : évolution des prix,0115: Combustibili (giorno di riferimento 1): tendenza dei prezzi
controlling.regel.0116,0116: Diesel (Stichtag 1): Preistrend,0116: Diesel (reference day 1): price trend,116 : Diesel (jour de référence 1) : évolution des prix,0116: Diesel (giorno di riferimento 1): tendenza dei prezzi
controlling.regel.0117,0117: Benzin (Stichtag 1): Preistrend,0117: Gasoline (reference day 1): price trend,117 : Essence (jour de référence 1) : évolution des prix,0117: Benzina (giorno di riferimento 1): tendenza dei prezzi
controlling.regel.0120,0120: Heizöl,"0120: Heating oil, fuels (reference day 1): Level comparison by survey position","0120 : Mazout, carburants (jour de référence 1) : comparaison des niveaux selon le PE","0120: Olio di riscaldamento, combustibili (giorno di riferimento 1): confronto di livello per EP"
controlling.regel.0200,0200: Heizöl,"0200: Heating oil, fuels (reference day 2): Completeness","0200 : Mazout, carburants (jour de référence 2) : Exhaustivité","0200: Olio di riscaldamento, combustibili (giorno di riferimento 2): Completezza"
controlling.regel.0210,0210: Heizöl (Stichtag 2): Preistrend,0210: Heating oil (reference day 2): Price trend,0210 : Mazout (jour de référence 2) : Tendance des prix,0210: Olio combustibile (giorno di riferimento 2): tendenza dei prezzi
controlling.regel.0215,0215: Treibstoffe (Stichtag 2): Preistrend,0215: Fuels (reference day 2): Price trend,0215 : Carburants (jour de référence 2) : Tendance des prix,0215: Combustibili (giorno di riferimento 2): tendenza dei prezzi
controlling.regel.0216,0216: Diesel (Stichtag 1): Preistrend,0216: Diesel (reference day 1): price trend,216 : Diesel (jour de référence 1) : évolution des prix,0216: Diesel (giorno di riferimento 1): tendenza dei prezzi
controlling.regel.0217,0217: Benzin (Stichtag 1): Preistrend,0217: Gasoline (reference day 1): price trend,217 : Essence (jour de référence 1) : évolution des prix,0217: Benzina (giorno di riferimento 1): tendenza dei prezzi
controlling.regel.0220,"0220: Heizöl, Treibstoffe (Stichtag 2): Niveauvergleich nach EP","0220: Heating oil, fuels (reference day 2): Level comparison by survey position","0220 : Mazout, carburants (jour de référence 2) : comparaison des niveaux selon le PE","0220: Olio per riscaldamento, combustibili (giorno di riferimento 2): confronto dei livelli secondo EP"
controlling.regel.0230,0230: Früchte,"0230: Fruits, vegetables (week 1): completeness","0230 : Fruits, légumes (semaine 1) : Intégralité","0230: Frutta, verdura (settimana 1): completezza"
controlling.regel.0240,0240: Früchte,"0240: Fruits, vegetables (week 2): completeness","0240 : Fruits, légumes (semaine 2) : Intégralité","0240: Frutta, verdura (settimana 2): completezza"
controlling.regel.0250,0250: Früchte,"0250: Fruits, vegetables: code error (0, R, S)","0250 : Fruits, légumes : erreur de code (0, R, S)","0250: Frutta, verdura: errore di codice (0, R, S)"
controlling.regel.0300,0300: Bekleidung,"0300: Clothing, shoes: code error (7, R, S)","0300 : Vêtements, chaussures : erreur de code (7, R, S)","0300: Abbigliamento, calzature: errore di codice (7, R, S)"
controlling.regel.0310,0310: Bekleidung: gelöschte Preise (Code 0),0310: Clothing: deleted prices (code 0),0310 : Vêtements : prix supprimés (code 0),0310: Abbigliamento: prezzi cancellati (codice 0)
controlling.regel.0320,0320: Bekleidung,"0320: Clothing, footwear: replacement in sale (code 1+A)","0320 : Vêtements, chaussures : remplacement en solde (code 1+A)","0320: Abbigliamento, calzature: sostituzione nella vendita (codice 1+A)"
controlling.regel.0400,0400: Gelöschte Preise (Code 0,"0400: Deleted prices (code 0, without clothing, fruits, vegetables)","0400 : Prix supprimés (code 0, sans vêtements, fruits, légumes)","0400: Prezzi cancellati (codice 0, senza abbigliamento, frutta e verdura)"
controlling.regel.0405,0405: Fehlende Preise (Code R/S,"0405: Missing prices (code R/S, without clothing, shoes, fruits, vegetables)","0405 : Prix manquants (code R/S, sans vêtements, chaussures, fruits, légumes)","0405: Prezzi mancanti (codice R/S, senza abbigliamento, scarpe, frutta, verdura)"
controlling.regel.0410,0410: Direktersatz mit Aktion (Code 1+A,"0410: Direct replacement with action (code 1+A, without clothing, shoes, fruits, vegetables)","0410 : Remplacement direct avec action (code 1+A, sans vêtements, chaussures, fruits, légumes)","0410: Sostituzione diretta con promozione (codice 1+A, escluso abbigliamento, calzature, frutta, verdura)"
controlling.regel.0420,0420: Qualität Ersterfassung: Ersatz (Code 1,"0420: Quality initial entry: replacement (code 1, 7)","0420 : Qualité première saisie : remplacement (code 1, 7)","0420: Inserimento iniziale della qualità: sostituzione (codice 1, 7)"
controlling.regel.0430,0430: Direktersatz Prüfung: Neue Artikel (Code 1 statt 0,"0430: Direct replacement check: new articles (code 1 instead of 0, 2, 3 possible?)","0430 : Contrôle du remplacement direct : nouveaux articles (code 1 au lieu de 0, 2, 3 possible ?)","0430: Controllo sostituzione diretta: nuovi articoli (codice 1 invece di 0, 2, 3 possibile?)"
controlling.regel.0440,0440: Qualität Ersterfassung: Neue Artikel (Code 2,"0440: Quality initial entry: New articles (code 2, 3)","0440 : Qualité saisie initiale : nouveaux articles (code 2, 3)","0440: Inserimento iniziale della qualità: nuovi articoli (codice 2, 3)"
controlling.regel.0450,0450: Geänderter Artikeltext ohne Ersatzcode,0450: Changed article text without replacement code,0450 : Texte d'article modifié sans code de remplacement,0450: Cambiato il testo dell'articolo senza codice di sostituzione
controlling.regel.0500,0500: Ausreisser (-75%/+250%),0500: Outlier (-75%/+250%),0500 : Données aberrantes (-75%/+250%),0500: Outlier (-75%/+250%)
controlling.regel.0510,0510: Preisentwicklung auffällig: Normalpreise,0510: Price change abnormal: normal prices,0510 : Evolution de prix anormale : prix normaux,0510: Sviluppo dei prezzi cospicuo: prezzi normali
controlling.regel.0520,0520: Preisentwicklung auffällig: Ersatz (Code 1,"0520: Price change abnormal: replacement (code 1, 7)","0520 : Evolution de prix anormale : remplacement (code 1, 7)","0520: Sviluppo del prezzo cospicuo: sostituzione (codice 1, 7)"
controlling.regel.0530,0530: Preisentwicklung auffällig: extreme Aktionen,0530: Price change abnormal: extreme promotions,0530 : Evolution de prix anormale : actions extrêmes,0530: Sviluppo dei prezzi cospicuo: promozioni estreme
controlling.regel.0540,0540: Preisentwicklung auffällig: steigende Aktionspreise,0540: Price change conspicuous: increasing promotion prices,0540 : Evolution de prix anormale : prix promotionnels en hausse,0540: Sviluppo dei prezzi cospicuo: aumento dei prezzi di promozione
controlling.regel.0550,0550: PMS mit unveränderten Preisen,0550: PMS with unchanged prices,0550 : PMS avec prix inchangés,0550: PMS con prezzi invariati
controlling.regel.0600,0600: Bemerkungen ans BFS,0600: Remarks to BFS,0600 : Remarques à l'OFS,0600: Osservazioni all'UST
controlling.regel.0700,0700: Preise/EP: Abweichung von Vorgabe (gemäss ES),0700: Prices/EP: deviation from target (according to ES),0700 : Prix/EP : écart par rapport à la consigne (selon ES),0700: Prezzi/EP: Deviazione dall'obiettivo (secondo ES)
controlling.regel.0810,0810: Ungeprüfte Preismeldungen,0810: Unchecked prices,0810 : Prix non vérifiées,0810: Prezzi non controllati
controlling.regel.0820,0820: Blockierte Preismeldungen,0820: Blocked prices,0820 : Prix bloquées,0820: Prezzi bloccati
controlling.regel.0830,0830: Geprüfte Preismeldungen für Export,0830: Checked prices for export,0830 : Prix vérifiées pour l'exportation,0830: Prezzi verificati per l'esportazione
controlling.regel.0840,0840: Exportierte Preismeldungen,0840: Exported prices,0840 : Prix exportées,0840: prezzi
dialog.editierung.dateieingabe_geht_nicht_verloren,(Dateineingabe bleibt bestehen),(data is retained),(les données sont conservées),(i dati sono conservati)
dialog.editierung.dateieingabe_geht_verloren,(Dateneingabe geht verloren),(data will be discarded),(les données sont rejetées),(i dati vengono scartati)
dialog.editierung.ungespeicherte_daten_vorhanden,Noch nicht gespeicherte Daten vorhanden!,Data that has not yet been saved is available!,Données non-enregistrées disponibles!,I dati non ancora salvati sono disponibili!
dialog.editierung.verwerfen_text,Auf «Änderungen verwerfen» klicken um diese Ansicht zu verlassen,Click on «Discard changes» to exit this view,Cliquez sur «Annuler les modifications» pour quitter cette vue,Fare clic su «Annulla modifiche» per uscire da questa visualizzazione
dialog.editierung.weiter_bearbeiten,Weiter bearbeiten,Continue editing,Continuer l'édition,Continua a modificare
dialog.editierung.weiter_bearbeiten_text,Auf «Weiter bearbeiten» klicken um bei dieser Ansicht zu bleiben,"Click on ""Continue editing"" to stay with this view",Cliquez sur «Continuer l'édition» pour rester avec cette vue,"Fai clic su ""Continua a modificare"" per rimanere con questa visualizzazione"
dialog.loeschen.bestaetigung,Wollen Sie diesen Eintrag wirklich löschen?,Are you sure you want to delete this entity?,Êtes-vous sûr de vouloir supprimer cet enregistrement ?,Sei sicuro di voler eliminare questa entità?
dialog.login.titel,Bitte Einloggen,Please log in,Veuillez vous connecter (login),Esegui il login
dialog.login.zu_den_einstellungen,Einstellungen bearbeiten,Edit settings,Paramètres,Modificare impostazioni
dialog.statuswechsel.betroffene_pm_angezeigten,Dies betrifft alle angezeigten Preismeldungen,This affects all displayed prices that have been released by the price collectors.,Cela affecte tous les prix affichés qui ont été téléchargés par les enquêteurs.,Ciò influisce su tutti i prezzi visualizzati e rilasciati dal collettore di prezzi.
dialog.statuswechsel.betroffene_pm_markiert,Dies betrifft alle markierten Preismeldungen,This affects all marked prices that are released by the price collector.,Cela affecte tous les prix marqués qui ont été téléchargés par les enquêteurs.,Ciò influisce su tutti i prezzi contrassegnati e rilasciati dal collettore dei prezzi.
dialog.statuswechsel.nur_zum_marker,Nur bis zu der Markierung?,Only up to the marked line?,Seulement jusqu'à la ligne sélectionnée ?,Solo fino alla linea segnata?
dialog.statuswechsel.status_waehlen,Wählen Sie den neuen Status,Choose the new status,Choisissez le nouveau statut,Scegli il nuovo stato
dialogText_abnormal-preisentwicklung,Grosse Preisveränderungen/-differenzen. Stimmen die eingegebenen Preise und Mengen?,Change out of range! Are prices and quantities correct?,Variation importante ! Le prix et la quantité sont-ils corrects ?,Variazione importante! Sono corretti i prezzi e le quantità?
dialogText_aktion-message-preis-hoeher,Artikel teurer als in Vorperiode. Ist der Artikel wirklich in Aktion?,Item price higher than last period. Is item still on sale this month?,Article plus cher que lors de la période précédente. Le prix est-il vraiment en action ?,Articolo più caro rispetto al periodo precedente. È effettivamente in azione?
dialogText_aktueller-aktionspreis-gleich-groesser-vp-normalpreis,Aktueller Aktionspreis ist gleich oder grösser als Normalpreis in VP. Stimmt der erfasste Preis?,Today's reduced price is greater than or equal to the normal price of previous period. Is price correct?,Le prix actuel en action est supérieur/égal au prix normal de la période précédente. Le prix enregistré est-il correct ?,Prezzo scontato attuale più uguale o più elevato rispetto al periodo precedente. È corretto il prezzo rilevato?
dialogText_aufforderung-ersatzsuche,In der EP sind nur {{numActivePrices}}/{{anzahlPreiseProPMS}} Artikel erfasst. Wollen Sie ein neues Produkt erfassen?,Only {{numActivePrices}}/{{anzahlPreiseProPMS}} items recorded in this position. Would you like to record a new item?,Seuls {{numActivePrices}}/{{anzahlPreiseProPMS}} articles sont enregistrés dans cette EP. Voulez-vous relever un nouvel article ?,Nella varietà sono rilevati solo {{numActivePrices}}/{{anzahlPreiseProPMS}} articoli. Vuole aggiungere un articolo?
dialogText_ausreichend-artikel,Es sind bereits ausreichend Artikel in der EP erfasst. Wollen Sie dennoch ein neues Produkt erfassen?,Already enough items of this type recorded. Would you like to add a new item nevertheless?,Le nombre d'articles dans cette EP est suffisant. Voulez-vous vraiment relever un article supplémentaire ?,Nella varietà sono già rilevati abbastanza prodotti. Vuole comunque rilevare un articolo in più?
dialogText_needs-stichtag,Bitte Stichdatum festlegen,Please set date of collection,Veuillez préciser la date de relevé,Si prega di specificare la data del rilievo
dialogText_pdf-create-error,PDF konnte nicht erstellt werden.,PDF couldn't be created.,PDF ERROR,PDF ERROR
dialogText_pdf-preparing-data,PDF wird vorbereitet.,PDF being created.,PDF en préparation.,PDF in preparazione.
dialogText_pdf-saved-at-application,PDF wurde unter Applikationsdokumenten abgelegt: Eigene Dateien -> Interner Speicher > Android > data > io.ionic.starter.,"PDF successfully saved in Application folder,  Files -> Internal > Android > data > io.ionic.starter.",PDF enregistré sous documents de l'application: Documents -> Internal > Android > data > io.ionic.starter.,PDF registrato nella cartella Documenti dell'applicazione:
dialogText_pdf-saved-at-documents,PDF wurde unter Dokumente abgelegt.,PDF successfully saved in Documents.,PDF enregistré sous documents.,PDF registrato in Documenti.
dialogText_rrr-message-mit-aufforderung-zu-produktersatz,Dieser Artikel fehlt schon länger. Gibt es ein vergleichbares Ersatzprodukt?,Item missing for a while. Is there a similar product to replace it?,Cet article manque depuis longtemps. Y a-t-il un article semblable disponible pour un remplacement ?,Questo articolo manca da qualche mese. Esiste un articolo paragonabile per sostituirlo?
dialogText_unveraendert-pm-text,Ist der Artikeltext/die Artikelnummer wirklich unverändert zum Vorgängerprodukt?,Are new item's name and number really unchanged to former item?,Description/numéro d'article : vraiment identique au mois précédent ?,La descrizione dell'articolo/il numero dell'articolo sono effettivamente gli stessi rispetto al prodotto precedente?
dialogText_vp_aktionspreis-gleich-hoeher-aktueller-normalpreis,Aktionspreis der VP war gleich oder grösser als aktueller Normalpreis. Ist der aktuelle Preis ein Aktionspreis?,Reduced price of previous period equal to or higher than current normal price. Is product still on sale?,Le prix en action de la période précédente est supérieur/égal au prix normal actuel. Le prix actuel est-il en action ?,Il prezzo scontato del periodo precedente era lo stesso o più elevato rispetto al prezzo attuale.  Il prezzo attuale è scontato?
electron.app.invalid-state-text,Der App-Zustand wurde nicht erkannt:,The given app state was not recognized:,L'état de l'application donné n'a pas été reconnu:,Lo stato dell'app dato non è stato riconosciuto:
electron.app.invalid-state-title,Ungültiger App Zustand,Invalid app state,État de l'application invalide,Stato dell'app non valido
electron.quit.unsaved,Es sind noch nicht gespeicherte Änderungen vorhanden. Wollen Sie diese speichern?,There are still some unsaved changes. would you like to save them?,Il y a encore des modifications non enregistrées. Voulez-vous les enregistrer?,Ci sono ancora alcune modifiche non salvate. Vuoi salvarle?
electron.quit.unsaved-unable-to-save,Es sind noch nicht gespeicherte Änderungen vorhanden. Da Sie keine Schreibberechtigung haben,There are still some unsaved changes. But there is no write permission. Do you want to close the app anyway?,Il y a encore des modifications non enregistrées. Mais il n'y a pas de permission d'écriture. Voulez-vous fermer l'application quand même?,Ci sono ancora alcune modifiche non salvate. Ma non c'è alcuna autorizzazione di scrittura. Vuoi chiudere l'app comunque?
error_incompatible_version,Sie sind entweder offline oder die von Ihnen verwendete App-Version ist nicht mit aktueller Server-Version kompatibel. Bitte kontaktieren Sie den Administrator.,You are either offline or the app version you are using is not compatible with current server version. Please contact the administrator.,Vous êtes hors ligne ou la version de l'application que vous utilisez n'est pas compatible avec la version actuelle du serveur. Veuillez contacter l'administrateur.,Siete offline o la versione dell'app che state utilizzando non è compatibile con la versione attuale del server. Si prega di contattare l'amministratore.
error_login-wrong-credentials,Benutzername und Password stimmen nicht überein.,User name and password do not match.,Le nom d'utilsateur et/ou le mot de passe n'est pas correct.,Il nome utente e la password non corrispondono.
error_request_unauthorized,Kein gültiges Login vorhanden. Login ist eventuell abgelaufen.,No valid login found. Login has probably expired.,Login pas valable. Login probablement expiré. ,Il login non è valido. È probabilmente scaduto.
error_synchronize_unknown-error,Ein unbekannter Fehler ist während der Synchronisierung aufgetreten. Bitte versuchen Sie es später erneut oder kontaktieren Sie den Administrator.,Unknown error while synchronizing. Please try again later or contact the administrator.,Une erreur inconnue a eu lieu lors de la synchronisation. Veuillez réessayer ultérieurement ou contacter l'administrateur. ,Si è verificato un errore sconosciuto durante la sincronizzazione. Riprovi più tardi o contatti l'amministratore.
error_user-db-id-mismatch,Datenbank ID's stimmen nicht überein. Bitte Admin kontaktieren.,Mismatch User-DB-ID. Please contact admin.,Problème d'identification (User-DB-ID). Veuillez contacter l'administrateur.,Errore di autenticazione (User-DB-ID). Si prega di contattare l'amministratore.
exceptions.datei.konnte_nicht_gelesenen_werden,Die Datei konnte nicht eingelesen werden.,The file could not be read in.,Le fichier n'a pas pu être importé.,Il file non può essere letto.
exceptions.export.kein_export_pfad,Es wurde kein Exportpfad ausgewählt,No export path was selected,Aucun chemin d'exportation n'a été sélectionné.,Non è stato selezionato alcun percorso di esportazione
exceptions.export.keine_abgebuchte_pm,Keine neu abgebuchte Preismeldungen vorhanden.,"No new, validated price available.",Aucun prix nouvellement vérifié n'est disponible.,Nessun nuovo prezzo controllato disponibile.
exceptions.export.keine_daten,Keine exportierbaren Daten vorliegend.,No new validated price available.,Aucune donnée disponible pour l'exportation.,Nessun dato disponibile per l'esportazione
exceptions.export.keine_pms,Keine Preismeldestellen vorhanden.,No outlets available.,Aucun point de vente disponible.,Nessuna presa disponibile.
exceptions.export.pfad_existiert_nicht,Der angegebene Export-Pfad existiert nicht: {{ path }},The specified export path does not exist: {{ path }},Le chemin d'exportation indiqué n'existe pas : {{ path }}.,Il percorso di esportazione specificato non esiste: {{ path }}
exceptions.import.pms,Preismeldestellen Import Fehler (Zeile #{{ line }}),Outlets import error (line #{ line }}),Erreur d'importation de point de vente (ligne #{{ line }}),Errore di importazione dei punti di vendita (linea #{ line }})
exceptions.import.warenkorb,Warenkorb Import Fehler (Zeile #{{ line }}),Basket import error (line #{ line }}),Erreur d'importation du panier (ligne #{ line }}),Errore nell'importazione del paniere (linea #{ line }})
exceptions.no_write_permission,Dieser Client ist nicht berechtigt Anpassungen an der Datenbank zu tätigen.,This client is not authorized to make adjustments to the database.,Ce client n'est pas autorisé à faire des adaptations à la base de données.,Questo cliente non è autorizzato ad apportare modifiche al database.
export.anzahl_exporte,{{ count }} Preismeldungen wurden exportiert,{{ count }} Prices were exported,{{ count }} Les prix ont été exportés,{{ count }} I prezzi sono stati esportati
export.keine_erhebungsorgannummer,Es ist noch keine Erhebungsorgannummer bei den Einstellungen gesetzt worden.,Survey organization number is missing (settings),Numéro Institut d'enquête manquant (paramètres),Numero di istituti d'indagine mancanti (impostazioni)
export.pe_export,Preiserheber Export,Export: price collector,Exportation : Enquêteurs,Esportazione: collettori
export.pm_export,Preismeldungen Export,Export: prices,Exportation : Prix,Esportazione: prezzi
export.pms_export,Preismeldestellen Export,Export: outlet list,Exportation : Points de vente,Esportazione: punti di vendita
export.starten,Export starten,Start Export,Lancer l'exportation,Avvia esportazione
export.titel,Export,Export,Exportation,Esportazione
export.debugmode,Debug Export,Debug Export,Debug Export,Debug Export
export.debugmode.activate,Debug Export anzeigen,Show debug export,Afficher l'exportation de débug,Mostra l'esportazione di debug
export.all_pm,Alle Preismeldungen exportieren,Export all prices,Exporter toutes les prix,Esportazione di tutti prezzi
heading_aktuelle_periode,Aktuelle Periode,Current period,Période actuelle,Periodo attuale
heading_artikel,Artikel,Item,Article,Articolo
heading_artikel-ausser-aktion,Artikel ausser Aktion,Item without reduction,Article hors action,Articolo non scontato
heading_artikel-neu,Artikel neu,New item,Nouvel article,Nuovo articolo
heading_artikel-vor-reduktion,Artikel vor Reduktion,Item before reduction,Article avant réduction,Articolo prima dello sconto
heading_bearbeitungscode-auswaehlen,Bearbeitungscode auswählen,Choose treatment code,Choisir le code de traitement,Scegliere un codice di trattamento
heading_choose-preismeldestelle,Erhebung,Survey,Enquête,Rilevazione
heading_danger-zone,Bestehende Erhebungsdaten löschen,Danger zone,Étape dangereuse !,Zona pericolosa
heading_information-about-preismeldung,Information zur Preismeldung,Information about price,Information sur l'article,Informazione sul prezzo
heading_information-about-warenkorbposition,Information zur Erhebungsposition (EP),Information about variety,Information sur la position (EP),Informazione sulla varietà
heading_kommentar-zum-aktuellen-monat,Kommentar zum aktuellen Monat,Comment about current month,Commentaire sur le mois actuel,Commento per il mese attuale
heading_kommunikation,Fragen und Antworten,Questions and answers,Questions et réponses,Domande e risposte
heading_login,Anmeldung,Login,Connexion,Login
heading_manage-preismeldestelle,Preismeldungen,Prices,Prix,Prezzi
heading_meine-notiz,Meine Notiz,My notes,Mes notes,I miei appunti
heading_pms-details,Angaben zur Preismeldestelle,Information about store,Informations sur le point de vente,Informazioni sul punto vendita
heading_pms-sort,Reihenfolge der Artikelliste,Order of items,Ordre de la liste d'article,Ordine della lista degli articoli
heading_preismeldestelle,Preismeldestelle,Store,Point de vente,Punto vendita
heading_preismeldung-attributes,Produkteigenschaften,Item features,Caractéristiques du produit,Caratteristiche del prodotto
heading_validation-error,Validierungsfehler,Validation error,Erreur de validation,Errore di validazione
heading_vorperiode,Vorperiode,Previous period,Période précédente,Periodo precedente
heading_warenkorb_neu_preisreihe_hinzufügen,Neue Preisreihe hinzufügen,Add new price series,Ajouter une série de prix,Aggiungere nuova serie di prezzo
import.anzahl_erfolgreich,{{ count }} Einträge wurden hinzugefügt,{{ count }} entries were added,{{ count }}  entrées ont été ajoutées,Sono state aggiunte {{ count }} voci
import.pm_erfolgreich,Preismeldungen wurden erfolgreich importiert,Prices were imported successfully,Les prix ont été importés avec succès,I prezzi sono stati importati con successo
import.pm_import,Preismeldungen Import,Import: prices,Importation : Prix,Importazione : prezzi
import.pms_erfolgreich,Preismeldestellen wurden erfolgreich importiert,Outlets have been imported successfully,Les points de ventes ont été importés avec succès,Gli punti di vendita sono stati importati con successo
import.pms_import,Preismeldestellen import,Import: outlet list,Importation : Points de vente,Importazione : punti di vendita
import.titel,Import,Import,Importation,Importazione
import.uebersicht.aktueller_monat,Aktueller Erhebungsmonat: {{ date }},Current survey month: {{ date }},Mois de l'enquête en cours : {{ date }},Mese del rilevamento attuale: {{ date }}
import.uebersicht.importieren,Importieren,Import,Importation,Importazione
import.uebersicht.letzter_import,Zuletzt importiert am: {{ date }},Last imported on: {{ date }},Dernière importation le : {{ date }},Ultima importazione il: {{ date }}
import.wk_erfolgreich,Warenkorb wurde erfolgreich importiert,Survey basket was successfully imported,Le schéma de relevé a été importé avec succès,Il schema di rilevamento è stato importato con successo
import.wk_import,Erhebungsschema Import,Import: survey basket,Importation : Schéma de relevé,Importazione : Schema di rilevamento
installed-software-version,Installierte Software-Version,Installed software version,Version du programme installé,Versione software installata
kommentar-autotext_abnormale-preisentwicklung-bestaetigt,Abnormale Preisentwicklung bestätigt.,Abnormal price change confirmed.,Variation de prix anormale confirmée.,Variazione del prezzo anomale confirmata.
kommentar-autotext_aktueller-aktionspreis-teuerer-normalpreis-vp,Aktueller Aktionspreis teuerer als Normalpreis VP bestätigt.,Current reduced price higher than normal price of previous period confirmed.,Prix actuel en action supérieur au prix normal de la période précédente confirmé,Prezzo scontato attuale più elevato rispetto al prezzo normale del periodo precedente confermato.
kommentar-autotext_aktueller-normalpreis-billiger-aktionspreis_vp,Aktueller Normalpreis billiger als/gleich Aktionspreis VP bestätigt.,Current normal price cheaper/equal to reduced price of previous period confirmed.,Prix normal actuel inférieur/égal au prix en action de la période précédente confirmé,Prezzo attuale non scontato più vantaggioso o uguale al prezzo scontato del periodo precedente confermato.
kommentar-autotext_artikeltext-unveraendert-bestaetigt,Artikeltext unverändert bestätigt.,Unchanged item name confirmed.,Description de l'article identique confirmée,Descrizione identica dell'articolo confermata.
kommentar-autotext_keine-ersatzprodukte,Keine Ersatzprodukte in Sortiment vorhanden.,No replacement items in range.,Pas d'article de remplacement dans l'assortiment,Non ci sono articoli di sostituzione nell'assortimento.
kommentar-autotext_keine-produkte,Keine Produkte in Sortiment vorhanden.,No items in range.,Pas d'article disponible dans l'assortiment,Non ci sono articoli nell'assortimento.
kommentar-autotext_presta-setzt-normalpreis,PRESTA beendet Preisreihe mit Normalpreis.,PRESTA ends price series on normal level.,PRESTA interrompt la série de prix avec un retour au prix normal. ,PRESTA interrompe la serie di prezzo con il prezzo non scontato.
kommentar-autotext_steigender-aktionspreis-bestaetigt,Steigender Aktionspreis bestätigt.,Increase of reduced price confirmed.,Prix en action à la hausse confirmé. ,Aumento del prezzo in azione confermato.
kommentar-text_1,Preis nachgeprüft,Verified price,Prix revérifié,IT_Preis nachgeprüft
kommentar-text_10,Bestmöglicher Ersatz,Best replacement possible,Meilleur remplacement impossible,IT_Bestmöglicher Ersatz
kommentar-text_11,Sofortersatz,"Immediate replacement, recent item no longer in range","Remplacement immédiat, article plus dans l'assortiment","IT_Sofortersatz, Artikel nicht mehr im Sortiment"
kommentar-text_12,Artikel durch Personal empfohlen,Item proposed by staff,Article recommandé par le personnel,IT_Artikel durch Personal empfohlen
kommentar-text_13,Produkteigenschaften identisch mit Vorgängerprodukt,Item specs identical to previous item,Caractéristiques du produit identiques à celles de l'article précédent,IT_Produkteigenschaften identisch mit Vorgängerprodukt
kommentar-text_14,BITTE KORRIGIEREN: Erhebungsfehler in Vorperiode,PLEASE RECTIFY: incorrect data in previous period,À NEUTRALISER: erreur de saisie le mois précédent,IT_BITTE KORRIGIEREN: Erhebungsfehler in Vorperiode
kommentar-text_15,Gleicher Artikel,"Same item, but item's text modified","Même article, adaptation de texte uniquement","IT_Gleicher Artikel, nur Text angepasst"
kommentar-text_16,Gleicher Artikel,"Same item, but item's link modified",Même article adaptation de lien uniquement,"IT_Gleicher Artikel, nur Link angepasst"
kommentar-text_17,Gleicher Artikel,"Same item, but item's number modified","Même article, adaptation du numéro d'article uniquement","IT_Gleicher Artikel, nur Artikelnummer angepasst"
kommentar-text_18,Gleicher Artikel,"Same item, but item's specs modified","Même article, adaptation des caractéristiques du produit uniquement","IT_Gleicher Artikel, nur Produktmerkmale angepasst"
kommentar-text_2,Bestätigte Preisveränderung (gemäss Personal),Price change approved by staff,Évolution normale du prix confirmée par le personnel,IT_Bestätigte Preisveränderung (gemäss Personal)
kommentar-text_3,Bestätigte Preisentwicklung,"Verified price change, item still special price offer","Évolution du prix confirmée, article toujours en action","IT_Bestätigte Preisentwicklung, Artikel immer noch in Aktion"
kommentar-text_4,Preissenkung ohne Aktion,Price reduction without special price,Baisse de prix sans action,IT_Preissenkung ohne Aktion
kommentar-text_5,Fehlende Information gemäss Personal ergänzt,Missing information completed according to staff,Information manquante reçue par le personnel,IT_Fehlende Information gemäss Personal ergänzt
kommentar-text_6,Momentan nicht an Lager,"Out of stock, pending order confirmed by staff","Actuellement pas en stock, commande confirmée par le personnel","IT_Momentan nicht an Lager, Bestellung durch Personal bestätigt"
kommentar-text_7,RRR: Artikel ist gemäss Personal im nächsten Monat wieder erhältlich,RRR: Item available next month according to staff,"RRR: l'article revient le mois prochain, confirmé par le personnel",IT_RRR: Artikel ist gemäss Personal im nächsten Monat wieder erhältlich
kommentar-text_8,Sortiment in Aktion,"Entire range on special offer, no survey possible","Tout l’assortiment en action, pas d'entrée possible","IT_Sortiment in Aktion, keine Erfassung möglich"
kommentar-text_9,Sortiment lückenhaft,"Range of goods incomplete, no replacement or new record possible","Assortiment incomplet, remplacement ou nouvelle entrée actuellement impossible","IT_Sortiment lückenhaft, momentan kein Ersatz oder Neuerfassung möglich"
label.aktionen.abbrechen,Abbrechen,Cancel,Annuler,Annullare
label.aktionen.aenderungen_verwerfen,Änderungen verwerfen,Discard changes,Ignorer les modifications,Annulla modifiche
label.aktionen.anwenden,anwenden,apply,appliquer,applicare
label.aktionen.ausfuehren,ausführen,execute,effectuer,eseguire
label.aktionen.direktsuche,Direktsuche (ungefiltert),Direct search (unfiltered),Recherche directe (non filtrée),Ricerca diretta (non filtrata)
label.aktionen.editieren,Editieren,Edit,Editer,Modifica
label.aktionen.erfassen,Erfassen,Record,Saisir,Catturare
label.aktionen.erstellen,Erstellen,Create,Créer,Creare
label.aktionen.loeschen,Löschen,Clear,Effacer,Cancellare
label.aktionen.login,Login,Login,Login,Login
label.aktionen.speichern,Speichern,Save,Enregistrer,Salvare
label.aktionen.statuswechsel,Statuswechsel,Status change,Changement de statut,Cambio di stato
label.aktionen.suche_in_auswahl,Suche in Auswahl (gefiltert),Search in selection (filtered),Recherche dans sélection (filtrée),Cerca nella selezione (filtrata)
label.aktionen.zuruecksetzen,zurücksetzen,reset,réinitialiser,azzerare
label.eingabe.filter,Filter,Filter,Filtre,Filtro
label.language.de,Deutsch,German,Allemand,Tedesco
label.language.en,Englisch,English,Anglais,Inglese
label.language.fr,Französisch,French,Français,Francese
label.language.it,Italienisch,Italian,Italien,Italiano
label.login.benutzer_oder_password_falsch,Benutzername oder Password stimmen nicht überein.,Username or password do not match.,Le nom d'utilisateur ou le mot de passe ne correspondent pas.,Il nome utente o la password non corrispondono.
label.login.benutzername,Benutzername,User name,Nom d'utilisateur,Nome utente
label.login.passwort,Passwort,Password,Mot de passe,Password
label.login.passwort_zuruecksetzen,Passwort zurücksetzen,Reset Password,Réinitialiser le mot de passe,Reimposta password
label.login.unzureichende_berechtigung,Unzureichende Berechtigung.,No access authorization,Pas d'autorisation d'accès,Nessuna autorizzazione di accesso
label.pe.bereits_vorhanden,Es gibt schon Preiserheber/in mit diesem Benutzernamen.,Username already assigned.,Nom d'utilisateur déjà attribué.,Nome utente già assegnato.
label.pe.name,Preiserheber/in,Price collector,Enquêteur/-trice,Collettore
label.pe.password_ist_ungueltig,Password ist ungültig,Password is invalid,Le mot de passe n'est pas valide,La password non è valida
label.pe.titel,Preiserheber/in,Price collector,Enquêteur,Collettore
label.pm.erhebungszeitpunkt,Erhebungszeitpunkt,Reference date,Date de référence,Tempo di riferimento
label.pm.id,PreisID,PriceID,PrixID,PrezzoID
label.pm.indifferent,Indifferent,Indifferent,Indifférent,Indifferente
label.pm.name,Preiserhebung,Price survey,Relevé des prix,Rilevazione dei prezzi
label.pm.stichtag_1,Stichtag 1,Reference day 1,Jour de référence 1,Giorno di riferimento 1
label.pm.stichtag_2,Stichtag 2,Reference day 2,Jour de référence 2,Giorno di riferimento 2
label.pm.titel,Preismeldungen,Prices,Prix,Prezzi
label.pm.woche_1,Woche 1,Reference week 1,Semaine de référence 1,Settimana di riferimento 1
label.pm.woche_2,Woche 2,Reference week 2,Semaine de référence 2,Settimana di riferimento 2
label.pms.titel,Preismeldestellen,Outlets,Points de vente,Punti di vendita
label.standard.name,Name,Name,Nom,Nome
label.standard.sprache,Sprache,Language,Langue,Lingua
label.standard.wird_bearbeited_bitte_warten,Daten werden zusammengefasst...,"Data will be summarized, please wait...","Compilation des données en cours, veuillez patienter...","I dati sono in fase di riepilogo, attendere prego..."
label.standard.wird_gespeichert_bitte_warten,Daten werden gespeichert...,"Data will be saved, please wait...","Enregistrement des données, veuillez patienter...","I dati sono in fase di salvataggio, attendere prego..."
label.standard.wird_pruefstatus_zugewiesen,Prüfstatus wird zugewiesen...,"Check status is assigned, please wait...","Attribution d'un statut de validation en cours, veuillez patienter...","Lo stato di controllo è stato assegnato, si prega di attendere..."
label.standard.wird_synchronisiert_bitte_warten,Datensynchronisierung. Bitte warten...,"Data synchronization is running, please wait...","Synchronisation des données en cours, veuillez patienter...","Sincronizzazione dei dati in corso, attendere prego..."
label.status.alle,Alle Preise,All prices,Tous les prix,Tutti i prezzi
label.status.blockiert,Blockiert,Blocked,Bloqué,Bloccato
label.status.exportiert,Exportiert,Exported,Exporté,Esportato
label.status.geprueft,Geprüft,Checked,Vérifié,Controllato
label.status.in_erhebung,in Erhebung,In survey,En relevé,In rilevazzione
label.status.in_preufung,In Prüfung,In review,En revue,In controllo
label.status.in_pruefung_alle,In Prüfung (alle),In review (all),En revue (tous),In contollo (tutti)
label.status.in_pruefung_unbestaetigt,Alle Preise (unbestätigt),In review (unconfirmed),En revue (non confirmés),In controllo (non confermati)
label.status.name,Preisstatus,Review status,Statut de la validation du prix,Stato della validazzione del prezzo
label.status.ungeprueft,Ungeprüft,Unchecked,Non vérifiés,Non verificato
label.wk.name,Erhebungsposition,Variety,Position,Varietà
label.wk.titel,Warenkorb,Basket of goods,Panier-type,Paniere tipo
label_anzahl-fehlende-preis-r,Anzahl Code R,Number of code R,Nombre de code R,Numero di codici R
label_artikelnummer,Artikelnummer,Item number,Numéro d'article,Numero dell'articolo
label_artikeltext,Artikeltext,Item descr,Description,Descrizione
label_artikeltext-geliefert,Artikeltext (geliefert),Item name (as delivered),Description de l'article (tel que livré),Descrizione dell'articolo rilevata
label_basismenge,Basismenge,Initial quantity,Quantité initiale,Quantità di base
label_basispreis,Basispreis,Initial price,Prix initial,Prezzo di base
label_cancel-edit-continue-editing-line-1,Auf «Weiterbearbeiten» klicken um bei dieser Preismeldung zu bleiben,"Continue editing by clicking ""edit""","Cliquer sur ""continuer la saisie"" pour rester sur l'article actuel",Cliccare su « continuare il rilevamento » per rimanere sull’articolo attuale
label_cancel-edit-continue-editing-line-2,(Dateineingabe bleibt erhalten).,(data will be maintained),(les informations déjà saisies restent affichées),(le informazioni già inserite vengono visualizzate)
label_cancel-edit-ignore-changes-line-1,Auf «Änderungen verwerfen» klicken um diese Preismeldung zu verlassen,"Ingore changes by clicking ""discard""","Cliquer sur ""annuler"" pour quitter",Cliccare su « Annullare le modifiche » per uscire
label_cancel-edit-ignore-changes-line-2,(Dateneingabe geht verloren).,(data will get lost),(les informations déjà saisies sont perdues),(le informazioni già inserite sono perse)
label_cancel-edit-preismeldung-data-changed,Die Angaben der aktuellen Preismeldung wurden geändert!,Item data changed,Des informations sur l'article actuel ont été modifiées!,Delle informazioni sull’articolo attuale sono state modificate
label_datum-vor-reduktion,Datum vor Reduktion,Date before reduction,Date avant la réduction,Data prima dello sconto
label_erfasste-anzeigen,Erfasste anzeigen,Show collected,Voir capturé,Vista catturato
label_info-warenkorb_anzahl-preismeldungen,Anzahl Preismeldungen (Aktuell/Vorgabe),Number of items (recorded/required),Nombre d'articles (actuels/requis),Numero di articoli (rilevati/richiesti)
label_info-warenkorb_beispiele,Beispiele,Examples,Exemples,Esempi
label_info-warenkorb_code,Code,Code,Code,Codice
label_info-warenkorb_erfassungszeitraum,Erfassungszeitraum,Survey period,Période de relevé,Periodo di rilevazione
label_info-warenkorb_erlaubte-normalpreisentwicklung,Erlaubte Normalpreisentwicklung,Admitted normal price change,Évolution normale de prix admise,Evoluzione di prezzo normale ammessa
label_info-warenkorb_info,Info,Info,Info,Info
label_info-warenkorb_periodizitaet,Periodizität,Periodicity,Périodicité,Periodicità
label_info-warenkorb_position-im-warenkorb,Position im Warenkorb,Position in market basket,Position dans le panier-type,Posizione nel paniere tipo
label_info-warenkorb_preismeldung-wird-erhoben-im,Erhebungsposition wird erhoben im,Item is recorded in,Article relevé en,Articolo viene rilevato nel
label_info-warenkorb_standardmenge,Standardmenge,Standard quantity,Quantité standard,Quantità standard
label_internetlink,URL,URL,URL,URL
label_kommentar_snippet-auswaehlen,Kommentare,Comments,Commentaires,Commenti
label_menge-vor-reduktion,Menge vor Reduktion,Quantity before reduction,Quantité avant réduction,Quantità prima dello sconto
label_neue-preisreihe-code-2,Neue Preisreihe: Vorperiode und aktuelle Periode bekannt (Code 2),New price series: current and last period known (Code 2),Nouvel article : période précédente et actuelle connues (code 2),Nuovo articolo: periodo precedente e attuale conosciuti (codice 2)
label_neue-preisreihe-code-3,Neue Preisreihe: Nur aktuelle Periode bekannt (Code 3),New price series: current period known (Code 2),Nouvel article : uniquement période actuelle connue (code 3),Nuovo articolo: periodo attuale conosciuto (codice 3)
label_no_preismeldung-available,Keine Einträge vorhanden.,No entries available.,Pas de résultats disponibles.,Nessun risultato disponibile.
label_no_preismeldung-selected,Keine Preismeldung selektiert,No item selected,Aucun article sélectionné,Nessun articolo selezionato
label_no_preismeldung-with-current-filter,Keine Einträge in den gefilterten Daten.,No entries in the filtered data.,Pas de résultats dans les données filtrées.,Nessun risultato nei dati filtrati.
label_pms_adresse,Adresse,Address,Adresse,Indirizzo
label_pms_anzeige-in-pms-liste,Anzeige in PMS-Liste,Listing,Positionnement dans la liste,Posizione in lista
label_pms_bemerkungen_erhebungsart,Bemerkungen zur Erhebungsart,Remark on type of survey,Remarque sur le type de relevé,Commenti sulla tecnica di rilevazione
label_pms_email,eMail,eMail,eMail,eMail
label_pms_erhebungsart,Erhebungsart,Survey type,Type de relevé,Tecnica di rilevazione
label_pms_erhebungsart_abgegeben,Papierliste durch PMS ausgefüllt,Paper form completed by store,Formulaire papier rempli par le point de vente,Modulo cartaceo completato dal punto vendita
label_pms_erhebungsart_email,eMail,eMail,eMail,eMail
label_pms_erhebungsart_internet,Internet,Internet,Internet,Internet
label_pms_erhebungsart_persoenlich,Papierliste vor Ort,Paper form on site,Formulaire papier ,Modulo di carta
label_pms_erhebungsart_telephone,Telefon,Telephone,Téléphone,Telefono
label_pms_erhebungsart_vor-ort-app,Tablet vor Ort,Tablet on site,Tablette sur le terrain,Tablet nel punto vendita
label_pms_erhebungsregion,Erhebungsregion,Survey region,Région de relevé,Regione di rilevazione
label_pms_fax,Fax,Fax,Fax,Fax
label_pms_internet_link,Internet-Link,Internet-Link,Lien Internet,Collegamento a Internet
label_pms_kontaktperson_1,1. Kontaktperson,Contact 1,Personne de contact 1,Persona di contatto 1
label_pms_kontaktperson_2,2. Kontaktperson,Contact 2,Personne de contact 2,Persona di contatto 2
label_pms_kontaktperson_first-name,Vorname,First name,Prénom,Nome
label_pms_kontaktperson_person-function,Funktion,Function,Fonction,Funzione
label_pms_kontaktperson_surname,Name,Surname,Nom,Cognome
label_pms_mobile,Mobile,Mobile,Mobile,Cellulare
label_pms_name,Name,Name,Nom,Nome
label_pms_pms-liste-normal,normal,normal,normal,normale
label_pms_pms-liste-top,prioritär,top,prioritaire,prioritario
label_pms_pmsGeschlossen,Verhinderungsgrund der Erhebung in PMS,Reason why shop data cannot be recorded this month,Raison du non-relevé,Motivo perché la rilevazione non può essere eseguita questo mese
label_pms_pmsGeschlossen_1,Ferien,Vacation,Vacances,Ferie
label_pms_pmsGeschlossen_2,geschlossen (temporär),Temporarily closed,Fermé temporairement,Chiuso (temporaneamente)
label_pms_pmsGeschlossen_3,Geschäftsaufgabe,Store closure,Cessation d'activité définitive,Chiusura del negozio
label_pms_pmsGeschlossen_4,anderes (bitte unter Zusatzinformation erläutern),other (please comment under complementary information),Autre (svp préciser dans informations supplémentaires),Altro (per favore precisare nel campo informazioni complementari)
label_pms_postcode,PLZ,Postal code,Code postal,CAP
label_pms_preismeldestellenummer,Preismeldestellen-Nummer,Store number,Numéro de PMS,Numero del punto vendita
label_pms_region,Region,Region,Région,Regione di rilevazione
label_pms_street,Strasse,Street,Rue,Via
label_pms_telephone,Telefon,Telephone,Téléphone,Telefono
label_pms_town,Ort,City,Ville,Città
label_pms_zusatzinformationen,Zusatzinformationen zur Preismeldestelle,Complementary information about store,Information complémentaire sur le point de vente,Informazioni complementari sul punto vendita
label_pms_zusatzname,Zusatzname,Complementary name,Nom complémentaire,Nome complementare
label_preis-gefuehrt-seit,Preisreihe seit,In survey since,Relevé depuis,Rilevato da
label_preis-vor-reduktion,Preis vor Reduktion,Price before reduction,Prix avant réduction,Prezzo prima dello sconto
label_preiserheber_email,eMail,eMail,eMail,eMail
label_preiserheber_erhebungsregion,Erhebungsregion,Region of survey,Région de relevé,Regione di rilevazione
label_preiserheber_fax,Fax,Fax,Fax,Fax
label_preiserheber_firstName,Vorname,First name,Prénom,Nome
label_preiserheber_mobilephone,Mobilnummer,Mobile,Mobile,Cellulare
label_preiserheber_postcode,PLZ,Postal code,Code postal,CAP
label_preiserheber_street,Strasse,Street,Rue,Via
label_preiserheber_surname,Nachname,Surname,Nom,Cognome
label_preiserheber_telephone,Festnetznummer,Telephone,Téléphone,Telefono fisso
label_preiserheber_town,Ort,City,Ville,Città
label_preiserheber_webseite,Webseite,Website,Site internet,Sito Internet
label_preismeldung-id,Preis-ID,Price-ID,ID-Prix,ID-Prezzo
label_print_aktion,Aktion,Sale,Action,Azione
label_print_aktuell,aktuell,Actual period,Période actuelle,Periodo attuale
label_print_anzahl-code-r,Anzahl Code R,Number of code R,Nombre de code R,Numero di codici R
label_print_artikelnummer,Artikelnummer,Item number,Numéro d'article,Numero dell'articolo
label_print_artikeltext,Artikeltext,Item name,Description de l'article,Descrizione dell'articolo
label_print_bemerkungen,Bemerkungen,Remarks,Remarques,Commenti
label_print_chf,CHF,CHF,CHF,CHF
label_print_code,Code,Code,Code,Codice
label_print_information,Info,Info,Info,Info
label_print_menge,Menge,Quantity,Quantité,Quantità
label_print_menge-vor-reduktion,Menge vor Reduktion,Quantity before reduction,Quantité avant réduction,Quantità prima dello sconto
label_print_pm-id,Preis-ID,Price-ID,ID-Prix,ID-Prezzo
label_print_pos,EPno/Lfno,EPno/Lfno,EPno/Lfno,EPno/Lfno
label_print_preis,Preis,Price,Prix,Prezzo
label_print_preis-vor-reduktion,Preis vor Reduktion,Price before reduction,Prix avant réduction,Prezzo prima dello sconto
label_print_preiszahl,# Preise,# Prices,# Prix,# Prezzi
label_print_produktmale,Produkteigenschaften,Item features,Caractéristiques du produit,Caratteristiche del prodotto
label_print_seite,Seite,Page,Page,Pagine
label_print_shop,Preismeldestelle,Store,Point de vente,Punto vendita
label_print_standardmenge,Standardmenge,Standard quantity,Quantité standard,Quantità standard
label_print_stichtag,Erhebungsdatum,Date of survey,Date de relevé,Data di rilevazione
label_print_vorperiode,Vorperiode,Previous period,Période précédente,Periodo precedente
menu.cockpit,Status,Status,Statut,Stato
menu.controlling,Controlling,Controlling,Controlling,Controlling
menu.export,Export,Export,Exportation,Esportazione
menu.import,Import,Import,Importation,Importazione
menu.preise,Preise,Prices,Prix,Prezzi
menu.preiserheber,Preiserheber/in,Price collector,Enquêteur,Collettore
menu.preismeldestellen,PMS,Outlets,Points de vente,Punti di vendita
menu.report,Reporting,Reporting,Reporting,Reporting
pms.detail.erhoben_durch,PMS erhoben durch,Outlet surveyed by,Points de vente relevé par,Punto di vendita visitato da
pms.liste.auswahl_kriterien,Auswahlkriterien,Selection criteria,Les critères de sélection,Criteri di selezione
pms.liste.suche_volltext,Volltext,Full text,Texte intégral,Testo completo
preiserheber.detail.initiales_passwort,Initiales Passwort,Initial password,Mot de passe initial,Password iniziale
preiserheber.detail.mobilnummer,"Mobilnummer	",Mobile phone number,Numéro de téléphone portable,Numero di cellulare
preiserheber.detail.passwort_anforderungen_mindestanzahl,Muss mit einem Buchstaben anfangen,"Must start with a letter, be at least 3 characters long and only use small letters","Doit commencer par une lettre, comporter au moins 3 caractères et n'utiliser que des lettres minuscules","Deve iniziare con una lettera, essere lungo almeno 3 caratteri e utilizzare solo lettere minuscole"
preiserheber.detail.passwort_anforderungen_zeichen,"Zahlen und folgende Zeichen haben: ""_ $ ,  + -""","Numbers and the following characters have: ""_ $, + -""","Les nombres et les caractères suivants ont : ""_ $, + -""","I numeri e i seguenti caratteri hanno: ""_ $, + -"""
preiserheber.loeschen_warnung,Preiserheber/innen können nicht mehr mit diesem Konto synchronisieren und alle aktuell erfassten Preismeldungen gehen verloren.,Price collectors will no longer be able to sync with this account and all currently collected prices will be lost.,Les enquêteurs de prix ne peuvent plus se synchroniser avec ce compte et toutes les observations de prix actuellement saisies sont perdues.,I collettori di prezzi non saranno più in grado di sincronizzarsi con questo account e tutti i prezzi attualmente registrati andranno persi.
preiserheber.uebersicht.nicht_zugewiesen,Nicht zugewiesen,Unassigned,Non assigné,Non assegnato
preiserheber.uebersicht.titel,Arbeitzuteilung,Assignment of work,Attribution du travail,Assegnazione del lavoro
preiserheber.uebersicht.zugewiesen,Zugewiesen,Assigned,Attribué,Assegnato
reporting.erstellungsdatum,Erstellungsdatum,Creation date,Date de création,Data di creazione
reporting.internet,Internet zentral,"Internet, centralized","Internet, centralisé","Internet, centralizato"
reporting.lik_monatsbericht,LIK-Monatsbericht,Monthly report,Rapport mensuel,Rapporto mensile
reporting.monatlich.aktion_ausverkauf,Aktion/Ausverkauf,Action/sale,Action/soldes,Azione/saldi
reporting.monatlich.aktionsende,Aktionsende,End of sales period,Retour d'action,Fine della promozione
reporting.monatlich.bearbeitungscode,Bearbeitungscode,Processing Code,Code de traitement,Codice di trattamento
reporting.monatlich.code_0,Preisreihe beendet,Price series ended,Série de prix terminée,Serie di prezzi terminata
reporting.monatlich.code_1,Direktersatz,Direct replacement,Remplacement direct,Sostituzione diretta
reporting.monatlich.code_2,Neuer Preis mit VP,New price with last period,Nouveau prix avec période précédente,Nuovo prezzo con periodo precedente
reporting.monatlich.code_3,Neuer Preis ohne VP,New price without last period,Nouveau prix sans période précédente,Nuovo prezzo senza periodo precedente
reporting.monatlich.code_7,Ersatz mit VP,Replacement with last period,Remplacement par période précédente,Sostituzione con periodo precedente
reporting.monatlich.code_a,Aktionspreis,Promotional price,Prix promotionnel,Prezzo promozionale
reporting.monatlich.code_r,fehlender Artikel,missing item,article manquant,Articolo mancante
reporting.monatlich.code_s,fehlender Saisonartikel,missing seasonal item,article saisonnier manquant,articolo stagionale mancante
reporting.monatlich.erhebungsart_abrechnung,Erhebungsart Abrechnung,Type of survey for billing,Type d'enquête pour facturation,Tipo della rilevazione per fatturazione
reporting.monatlich.gestiegene_preise,gestiegene Preise,increased prices,prix augmentés,prezzi aumentati
reporting.monatlich.gesunkene_preise,gesunkene Preise,decreased prices,prix baissés,prezzi più bassi
reporting.monatlich.neue_preisreihen,Neue Preisreihen,New price series,Nouvelle série de prix,Nuova serie di prezzi
reporting.monatlich.pm_insgesamt,Preismeldungen insgesamt,Total number of prices,Nombre total de prix,N° totale di premi
reporting.monatlich.preisentwicklungen,Preisentwicklungen,Price trends,Évolution des prix,Andamento dei prezzi
reporting.monatlich.regionale_preiserhebung,Regionale Preiserhebung,Regional price survey,Enquête des prix régionale,Rilevazione dei prezzi regionale
reporting.monatlich.stabile_priese,stabile Preise,stable prices,prix stables,prezzi stabili
reporting.monatlich.standardbuchung,Standardbuchung,Standard code,Code standard,Codice standard
reporting.monatlich.total,Total,Total,Total,Totale
reporting.monatlich.total_erfasst,Total erfasst,Total recorded,Total enregistré,Totale registrato
reporting.monatlich.total_erhalten,Total erhalten,Total received,Total reçu,Totale ricevuto
reporting.normalerhebung,Normalerhebung,Normal survey,Enquête normale,Rilevazione normale
reporting.organisation.erhebungsregionen,Erhebungsregionen,Survey regions,Régions d'enquête,Regioni di rilevazioni
reporting.organisation.pm_pro_pms,Preismeldungen pro PMS,Prices per outlet,Prix par magasin,Prezzi per negozio
reporting.organisation.titel,Organisation,Organization,Organisation,Organizzazione
reporting.pms_probleme.grund,Grund,Reason,Raison,Ragione
reporting.pms_probleme.pms_geschlossen,Preismeldestellen geschlossen,Outlets closed,Magasins fermés,Negozi chiusi
reporting.pms_probleme.titel,PMS-Probleme,Outlets: Problems,Magasins: Problèmes,Negozi: Problemi
reporting.pms_probleme.zusatzinfo,Zusatzinfo,Additional Info,Information additionnelle,Informazioni addizionali
reporting.preise,Preise,Prices,Prix,Prezzi
server-connection-url,URL des Datenbank-Servers,URL of the database-server,URL du serveur de la base de données,URL del server della banca dati
settings.autor,Autor,Author,Auteur,Autore
settings.datenbank,Datenbank (CouchDB),Database (CouchDB),Base de données (CouchDB),Database (CouchDB)
settings.datenbank_verwaltung_anzeigen,Datenbank-Verwaltung anzeigen,Show database management,Afficher la gestion de la base de données,Mostra gestione database
settings.datenbank_wirklich_importieren,Wollen Sie wirklich die folgenden Datenbanken importieren?,Do you really want to import the following databases?,Voulez-vous vraiment importer les bases de données suivantes ?,Vuoi davvero importare i seguenti database?
settings.datensaetze_wurden_exportiert,{{ count }} Einträge von '{{ db }}' wurden exportiert,{{ count }} Entries from '{{ db }}' were exported,{{ count }} Les enregistrements de '{{ db }}' ont été exportés.,{{ count }} voci sono state esportate da '{{ db }}'.
settings.datensaetze_wurden_importiert,{{ count }} Einträge wurden in '{{db}}' importiert,{{ count }} Entries have been imported to '{{db}}'.,{{ count }} des enregistrements de la base de données ont été exportées dans '{{db}}'.,{{ count }}} voci sono state importate in '{{db}}'.
settings.erhebungsorgannummer,Erhebungsorgannummer,Number of the survey organization,Numéro de l'organisation d'enquête,Numero dell'organizzazione della rilevazione
settings.erweiterte_sedex_einstellungen,Erweiterte Sedex Einstellungen,Extended Sedex settings,Paramètres Sedex étendus,Impostazioni di Sedex estese
settings.export_pfad,Exportpfad (Sedex-Daten),Export path (Sedex data),Chemin d'exportation (données Sedex),Percorso di esportazione (dati Sedex)
settings.general,Allgemein,General,Generale,Général
settings.import_und_export_aller_daten,Import/Export der definierten Preiserheber und PMS-Zuordnungen (.json-Format),Import / export: price collectors and outlet assignments (.json format),Import/export: enquêteurs et attributions des magasins (format .json),Importazione/esportazione: staff e assegnazioni negozi (formato .json)
settings.kompatibilitaet_mit_preiserheber_app,Kompatibilität (Preiserfasser-App),Compatibility (on-field-survey app),Compatibilité (on-field-survey app),Compatibilità (on-field-survey app)
settings.mindestversion,Mindestversion,Version must be equal or higher than,Version minimale,Versione minima
settings.recipient_id,Recipient ID,Recipient ID,Recipient ID,Recipient ID
settings.sender_id,Sender ID,Sender ID,Sender ID,Sender ID
settings.serververbindung,Serververbindung,Server connection,Connexion au serveur,Connessione al server
settings.titel,Einstellungen,Settings,Paramètres,Impostazioni
settings.transfereinstellungen,Transfereinstellungen (Sedex),Transfer settings (Sedex),Paramètres de transfert (Sedex),Impostazioni di trasferimento (Sedex)
settings.version,LIK PreisAdmin,CPI Admin,IPC Admin,IPC Admin
settings.version_format_anforderung,"Muss im Format a.b.c sein, z.B. 2.2.9","Must be in the format a.b.c, e.g. 2.2.9","Doit être au format a.b.c, par exemple 2.2.9","Deve essere nel formato a.b.c, ad esempio 2.2.9"
text_aktion,Aktion,Sale,Action,Azione
text_chf,CHF,CHF,CHF,CHF
text_code,Code,Code,Code,Codice
text_database-last-synced-at,Letzte Synchronisation,Database last synced at,Dernière synchronisation,Ultima sincronizzazione
text_database-successfully-deleted,Lokale Daten wurden erfolgreich gelöscht,Database successfully deleted,Données locales supprimées,I dati locali sono stati cancellati con successo
text_erhebungsmonat,Erhebungsmonat,Month of survey,Mois d'enquête,Mese di rilevazione
text_nicht_zutreffend,Nicht zutreffend,Not applicable,Pas applicable,Non applicabile
text_no,Nein,No,Non,No
text_not-specified,Nicht angegeben,Not specified,Non spécifié,Non specificato
text_preismeldung_erfasste,nicht gelieferte Preise,Prices to upload,Prix à transférer,Prezzi a caricare
text_preismeldung_heruntergeladene,erhaltene Preise,Prices received,Prix téléchargés,Prezzi scaricati
text_preismeldung_hochgeladene,gelieferte Preise,Prices uploaded,Prix transférés,Prezzi caricati
text_preismeldung_offen-erfasst,erfasste Preise,Prices done,Prix déjà relevés,Prezzi rilevati
text_preismeldung_offen-nicht-erfasst,zu erfassende Preise,Prices to do,Prix à relever,Prezzi non rilevati
text_saving-preiserheber,Preiserheber-Info wird gespeichert. Bitte warten...,Saving info about price collector. Please wait...,Les informations sur l'enquêteur/trice sont en cours de sauvegarde. Prière de patienter…,L'informazione relativa al rilevatore viene salvata. Attendere prego…
text_saving-settings,Einstellungen werden gespeichert. Bitte warten...,Saving settings. Please wait...,Les paramètres sont en cours de sauvegarde. Prière de patienter…,Le impostazioni vengono salvate. Attendere prego…
text_synchronizing-data,Datensynchronisierung läuft. Bitte warten...,Synchronizing data. Please wait...,La synchronisation des données est en cours. Prière de patienter…,Sincronizzazione in corso. Attendere prego…
text_textzeil_limitverletzung,Limitverletzung: Preisentwicklung.,Out of range: Price change.,Dépassement des limites: Variation de prix,Fuori limite: evoluzione dei prezzi.
text_textzeil_nicht_vergleichbar,Neuer und alter Artikel nicht vergleichbar!,Replacement item is not comparable to former item,Nouvel et ancien article pas comparables,Nuovo articolo non paragonabile con l'articolo precedente!
text_warenkorb_anzahlergebnisse,Treffer,Results found,Résultats,Risultati
text_yes,Ja,Yes,Oui,Si
validation_erhebungsart_required,Bitte erfassen Sie die Erhebungsart der Preismeldestelle,Please specify the survey type for this store,Veuillez svp préciser le type de relevé pour ce point de vente,Per favore indicare la tecnica di rilevazione del punto vendita
validation_erhebungsregion_required,Bitte erfassen Sie die Region der Preismeldestelle,Please specify the survey region for this store,Veuillez svp préciser la région de relevé pour ce point de vente,Per favore indicare la regione del punto vendita
validation_firstName_required,Bitte erfassen Sie den Vorname der 1. Kontaktperson.,Please specify the first name of contact 1.,Veuillez svp préciser le prénom de la personne de contact 1,Per favore indicare il nome della persona di contatto 1.
validation_formatted_number-out-of-range,"Ungültige Eingabe im Feld ""{{controlName}}"". Bitte Zahl zwischen {{minNumber}} und {{maxNumber}} eingegeben.","Invalid entry for ""{{controlName}}"". Number must be between {{minNumber}} and {{maxNumber}}.","Saisie non autorisée pour ""{{controlName}}"". Veuillez saisir un nombre entre {{minNumber}} et {{maxNumber}}.","Entrata non valida nel campo ""{{controlName}}"". Per favore indicare una cifra tra {{minNumber}} e {{maxNumber}}."
validation_formatted_required,"Feld ""{{controlName}}"" ist erforderlich.",{{controlName}} is required.,"Le champs ""{{controlName}}"" doit être saisi.","E necessario compilare il campo ""{{controlName}}""."
validation_frage-antworten,Bitte Frage im Kommunikationskanal beantworten.,Please answer question in communication stream.,Veuillez répondre à la question du dialogue,Per favore rispondere alla domanda nel campo comunicazione.
validation_languageCode_required,Bitte erfassen Sie die Sprache der Preismeldestelle.,Please specify the language for this store.,Veuillez saisir la langue du point de vente,Per favore indicare la lingua del punto vendita.
validation_name_required,Bitte erfassen Sie den Namen der Preismeldestelle.,Please specify the name of the store.,Veuillez saisir le nom du point de vente,Per favore indicare il nome del punto vendita.
validation_personFunction_required,Bitte erfassen Sie die Funktion der 1. Kontaktperson.,Please specify the function of contact 1.,Veuillez saisir la fonction de la personne de contact 1,Per favore indicare la funzione del punto vendita.
validation_postcode_required,Bitte erfassen Sie die PLZ der Preismeldestelle.,Please specify the postal code of the store.,Veuillez saisir le NPA du point de vente,Per favore indicare il CAP del punto vendita.
validation_produktMerkmale_erfassen,Bitte Produktmerkmale erfassen.,Please specify the product features.,Veuillez saisir les caractéristiques du produit,Per favore indicare il nome del punto vendita.
validation_street_required,Bitte erfassen Sie die Strasse der Preismeldestelle.,Please specify the street of the store.,Veuillez saisir l'adresse du point de vente,Per favore indicare la via del punto vendita.
validation_surname_required,Bitte erfassen Sie den Namen der 1. Kontaktperson.,Please specify the surname of contact 1.,Veuillez saisir le nom de la personne de contact 1,Per favore indicare il nome della persona di contatto 1.
validation_town_required,Bitte erfassen Sie den Ort der Preismeldestelle.,Please specify the city of the store.,Veuillez saisir la localité du point de vente,Per favore indicare la città del punto vendita.
